slug,base.book,base.chapter,base.chapter_part,base.subchapter,base.subject,base.result_metric,base.recommendation,base.budget.description,base.budget.millions,base.budget.year_span,base.responsible_authority.main,base.responsible_authority.secondary
1,"דו""ח ועדת טרכטנברג",שירותים חברתיים  ,חינוך,גילאי 0-3,העברת הסמכות והאחריות על תחום החינוך לגיל הרך למשרד החינוך,לא הוגדרה על ידי הועדה,"העברת הסמכות והאחריות על תחום מעונות היום והמשפחתונים לגיל הרך ממשרד התמ""ת למשרד החינוך הוועדה סבורה כי על הממשלה לפעול להעברת האחריות והסמכות על תחום מעונות היום לשר
החינוך, זאת, בין היתר, מתוך ההכרה בחשיבות החינוך בגילאים אלה והרצון לייצר מדיניות פדגוגית
רציפה ושלמה החל משלבי התפתחותו המוקדמים של הילד.","יובהר, כי תכלית ההעברה היא ליצור רצף טיפולי ומדיניות חינוכית כאמור ואין בה כדי להגדיל
את היקף המשאבים המיועד לתחום זה, מעבר למוצע במסגרת ההמלצות. ",0,0,"שר החינוך ובשנת 2012 בתיאום עם שר התמ""ת","ועדה בראשות שר החינוך בשיתוף נציגים ממשרד התמ""ת והאוצר"
2,"דו""ח ועדת טרכטנברג",שירותים חברתיים - חינוך,,גילאי 0-3,החלת תקינה ופיקוח על מעונות עם 7 ילדים ומעלה,תחילת יישום חוק הפיקוח החל מספטמבר 2012.,"אישור הצעת חוק הפיקוח, הנמצאת בהכנה לקריאה שנייה ושלישית בכנסת. קיצור תקופת היישום מ- 7 שנים ל- 5 שנים. ","סך הכל הקצאה על פי חומש 355 מיליון ש""ח",355,0,"שר החינוך ובשנת 2012 בתיאום עם שר התמ""ת",
3,"דו""ח ועדת טרכטנברג",שירותים חברתיים - חינוך,,גילאי 0-3,הרחבת היצע מעונות היום המפוקחים ומסובסדים - תוכנית החומש," הוועדה ממליצה כי הגידול במספר המעונות בהתאם ליעד האמור יושג בשני תהליכים עיקריים:
האחד, בינוי מעונות יום במימון ציבורי; השני, תימרוץ מעונות פרטיים להיכנס למערך הפיקוח על המחירים/","תוכנית חומש להרחבת היצע המסגרות העומדות בפיקוח על המחיר ובהן אפשר יהיה לקבל סבסוד בהתאם למבחן הכנסה ותעסוקה - תוספת של 60,000 מקומות  חדשים (מעבר לתוספת של 10,000 המוערכת ממילא בגין גידול טבעי",עלות כוללת של 1.7 מליארד ₪ לטובת בינוי מעונות ותמרוץ מעונות פרטיים וכ- 1.8 מליארד ₪ לטובת סבסוד אוכלוסיית הילדים שתתווסף למעונות המפוקחים.,3500,0,"שר החינוך ובשנת 2012 בתיאום עם שר התמ""ת",
4,"דו""ח ועדת טרכטנברג",שירותים חברתיים - חינוך,,גילאי 0-3,הרחבת היצע מעונות היום המפוקחים ומסובסדים - בינוי,בינוי מעונות יום חדשים לכ-30 אלף ילדים חדשים בתוך 5 שנים. ,בינוי מעונות יום חדשים מעבר לגידול הטבעי. ,"תוספת (מעבר לתקציב המיועד כבר כיום לנושא בתקציב המדינה) של מליארד ₪ לבינוי מעונות במהלך החומש הקרוב. 200 מליון ש""ח לשנה בממוצע, 235 מליון ש""ח בשנת 2012 ",1000,5,"שר החינוך ובשנת 2012 בתיאום עם שר התמ""ת",
5,"דו""ח ועדת טרכטנברג",שירותים חברתיים - חינוך,,גילאי 0-3,הרחבת היצע מעונות היום המפוקחים ומסובסדים - מימון תקינה,"כניסה של כ-30,000 מקומות במעונות היום הפרטיים למערך פיקוח מחירים.","סיוע במימון של התאמות לתקינה, שתידרש לפי חוק הפיקוח, למעונות שיתחייבו לקבל על עצמם את צו הפיקוח על המחיר למשך 5 שנים - תמרוץ כניסת 30,000 מקומות במעונות פרטיים למערך המפוקח בסטנדט ובמחיר.","תוספת של 700 מליון ש""ח על פני 5 שנים (מתוכם 300 מליון ש""ח בשנה הראשונה) שתיועד אך ורק למעונות חדשים שנכנסים למערך המפוקח במחיר ולא להתאמת מעונות קיימים.",700,5,השר הממונה על מעונות היום,משרד האוצר
6,"דו""ח ועדת טרכטנברג",שירותים חברתיים - חינוך,,גילאי 0-3,"תגבור מערכי ההדרכה, הפיקוח והאכיפה ","פיקוח אפקטיבי על כלל המסגרות
החינוכית","על מנת להבטיח את איכות הטיפול הניתן לילדים במסגרות אלו, ומתוך הכרה בחשיבות של איכות
הטיפול, יש להגביר ולשפר את מערך הפיקוח וההדרכה הקיימים, בהתאם לתוכנית מפורטת שתגובש בין המשרדים ולמתווה העמידה בהוראות חוק הפיקוח.","תוספת של 355 מלש""ח על פני החומש הקרוב (תוספת של 65 מלש""ח לבסיס תקציב 2012 ועלייה ל- 75 מלש""ח ב- 2014)",355,5,"שר החינוך ובשנת 2012 בתיאום עם שר התמ""ת",
7,"דו""ח ועדת טרכטנברג",שירותים חברתיים - חינוך,,גילאי 0-3,סיוע למשפחות עובדות עם ילדים בגיל הרך,הגדלת ההכנסה הפנויה להורים עובדים לילדים קטנים בשיעור של עד כ- 420 שקלים לחודש.,מתן שתי נקודות זיכוי לגבר עד להגיעו לגיל 3,אובדן הכנסות מדינה בשיעור של כמליארד ₪ בשנה,1000,0,שר האוצר,
8,"דו""ח ועדת טרכטנברג",שירותים חברתיים - חינוך,,גילאי 0-3,מעונות יום ומשפחתונים לילדים בגילאי 0-3,יישום תוכנית החומש והתאמות בהתאם לפערים בין התוכנית לביצוע בפועל,"מעקב, ליווי ובקרה אחר יישום תכנית החומש לגילאי 0-3 ועמידה ביעדי התוכנית","יישום כלל הצעדים המוצעים בתחום גילאי 0-3 מוערך בעלות של כ 1.7- מליארד על פני החומש
הקרוב לטובת בינוי מעונות ותימרוץ מעונות פרטיים לכניסה למערך הפיקוח על המחיר; ובעלות
של כ- 1.8 מליארדי שקלים לטובת סבסוד אוכלוסיית הילדים שתתווסף למעונות המצויים תחת
מנגנון הפיקוח על המחיר ולטובת שיפור מערך הפיקוח וההדרכה.",1700,5,"שר החינוך ושר התמ""ת",
9,"דו""ח ועדת טרכטנברג",שירותים חברתיים - חינוך,,חינוך גני ילדים 3-4,יישום חוק חינוך חובה חינם מגיל 3,"שיפור החינוך, הקלה על יוקר המחיה, עידוד תעסוקה.","יישום מלא של חוק חינוך חובה חינם מגיל 3. היישום המלא
ייעשה בהדרגה כך שהוראות החוק הנוגעות לחובת השתתפות בלימודים, יחולו באופן מלא משנת
הלימודים הקבועה בחוק - תשע""ה. כהוראת שעה ועד למימוש מלא של החוק, ממליצה הוועדה על
מימון מלא של הגנים הציבוריים החל מינואר 22012 , כך שגנים אלה יהיו ללא כל תשלום מבחינת ההורים.שלב א' יחול בינואר 2012 - סבסוד מלא של 220,000 הילדים שבמערך הגנים הציבוריים. שלב ב' עד שנת תשע""ה - בינוי 80,000 מקומות חדשים לשאר הילדים בשכבת הגיל וסבסוד מלא של עלות הגנים.","7.2 מליארד ₪ בחומש הקרוב (תוספת של 1.8 מליארד ₪ בבסיס התקציב, ו2.6 מליארד לטובת בינוי). מתוך הסכום - 1.3 מליארד כבר ב- 2012 לטובת בינוי ו- 900 מליון ש""ח לצורך סבסוד הילדים שבגנים הציבוריים.",7200,5,שר החינוך,
11,"דו""ח ועדת טרכטנברג",שירותים חברתיים - חינוך,,גילאי 3-9,מסגרות צהריים לגילאי 3-9,"שיפור החינוך, הקלה על יוקר המחיה, עידוד תעסוקה",החלה אוניברסלית מדורגת של מסגרות לימודיות לשעות אחר הצהריים בימים א'-ה' בגנים ובבתי הספר הרשמיים בגילאי 3-9 ועד השעה 16:00.,"בהתאם מוצע כי המימון הממוצע על פני אשכולות 4-10 יתחלק באופן שווה בין המדינה 50% לרשויות המקומיות וההורים (יתרת המימון). שיעור ההשתתפות בפועל של המדינה יהיה דיפרנציאלי
על פני האשכולות כך שבאשכולות הנמוכים הוא יהיה גבוה יותר משמעותית וירד באופן הדרגתי עם
העליה ברמת האשכול. העקרונות לחלוקת יתרת המימון בין ההורים לבין הרשויות המקומיות יגובשו
. על ידי וועדת ההיגוי עד ליום 1.1.2012. הוועדה ממליצה על השלמת פריסת המסגרות. ליישום המלצה מוצע להקצות סכום של כ- 7 מיליארדי שקלים במהלך החומש הקרוב למימון
השתתפות המדינה במסגרות הלימודיות לשעות אחר הצהרים. העלות התוספתית המלאה בבסיס
תקציב המדינה לאחר השלמה מלאה של פריסת התוכנית במתכונת המוצעת על ידי הוועדה תעמוד
על כ- 2,350 מלש""ח לשנה. עוד מוצע, כי מתוך הסכום האמור יוקצו 300 מלש""ח בשנת 2012
ומליארד ₪ ב 2013- למימון הפעימה הראשונה של פרישת המסגרות כמפורט לעיל.",7000,5,שר החינוך,רשויות מקומיות
14,"דו""ח ועדת טרכטנברג",שירותים חברתיים - חינוך,,גילאי 3-9,הפחתת הנטל בתשלומי הורים וברכישת ספרי לימוד,הפחתת נטל ההוצאה הפרטית על חינוך  של משקי בית,"א. יצירת מנגנון פרוגרסיבי לגביית תשלומי הורים תוך סבסוד תשלומי ההורים על פי קריטריונים שיקבע משרד החינוך. בהתייחס להמלצות המסתמנות בוועדת שושני, מומלץ לקצר את משך יישום
ההמלצות, ולקבוע כי היקפו המלא של הסבסוד המוצע יינתן בשתי פעימות ויושלם עד תחילת שנת הלימודים תשע""ד ולא בפריסה הדרגתית על פני עשור.
ב. הסרת החסמים בפרויקט השאלת ספרי לימוד - מומלץ להגמיש את הקריטריונים להחלת הפרויקט
בבית הספר (הקטנת התמיכה הדרושה מצד ההורים) ולחייב את המנהלים לערוך הצבעה בבית ספרם.
ג. דיגיטציה - העלאת תכנים של ספרי הלימוד לאינטרנט אשר תאפשר לתלמידי ישראל, תמורת תשלום סמלי, שימוש וגישה חופשיים לספרי הלימוד.
ד. הגברת הפיקוח והאכיפה על מחירי ספרי הלימוד - הקמת מערך אכיפה מצומצם במשרד החינוך
לטובת אכיפת מחירי הספרים בחנויות במקביל ליצירת מודל אפקטיבי לתמחור ספרי לימוד.","שני מליארד ₪ על פני החומש הקרוב. הקצאת סכום תוספתי של 150 מליון ש""ח לבסיס תקציב משרד החינוך בשנת 2012 והעלאתו בשתי פעימות ל - 500 מליון ש""ח משנת 2014 ואילך.",2000,5,שר החינוך,
18,"דו""ח ועדת טרכטנברג",שירותים חברתיים - חינוך,,תנועות נוער,תקצוב תנועות נוער,תוספת תקציבית,"הוועדה ממליצה להגדיל את ההשקעה בתחום חשוב זה, ואת התמיכה במגוון פעילויות לרבות עידוד
פתיחת סניפים חדשים ביישובים חלשים, סבסוד חניכים ביישובי הפריפריה, עידוד פעילויות עם נוער
בסיכון וכדו'. אנו צופים כי התוספת התקציבית לתחום זה תביא הן להעצמת מגמת הגידול במספרי
המשתתפים והן להעמקת הפעילויות החינוכיות הכרוכות בו.","מלש""ח לתקנה הרלוונטית במשרד החינוך, מתוכם
15 מלש""ח לבסיס התקציב, ו- 5 מלש""ח נוספים ממקורות משרד החינוך.",75,5,שר החינוך,
19,"דו""ח ועדת טרכטנברג",שירותים חברתיים - חינוך,,גילאי 3-9,יישום מסגרות אחר הצהריים,הפעלת מסגרות אחר - הצהריים בגילאי 3-9,יישום החלת מסגרות אחר-צהריים בגילאי 3-9,,0,0,"משרד החינוך בשיתוף אג""ת",
21,"דו""ח ועדת טרכטנברג",שירותים חברתיים - חינוך,,גילאי 0-3,העברת אחריות לשר החינוך,מודל העברת אחריות,העברת אחריות לשר החינוך,,0,0,שר החינוך,
22,"דו""ח ועדת טרכטנברג",טיפול בשוק העבודה והרחבת מעגל המועסקים במשק,,התמודדות עם החסם החוקי - חרדים,התנדבות לשירות צבאי או אזרחי - חרדים,שילוב בתעסוקה של למעלה משני שליש מהמתנדבים.,"התנדבות לשירות צבאי או שירות אזרחי. בנוסף, לאפשר שירות אזרחי-בטחוני בחדרי מיון בבתי חולים.","כחלק מהתמודדות עם החסמים בשוק העבודה - חרדים, שעלותו הכוללת היא 760 מלש""ח על פני החומש הקרוב (60 ב- 2012, 95 ב- 2013 ועד ל- 235 ב- 2016).",760,5,"שר האוצר, שר התמ""ת; שר הבריאות",
23,"דו""ח ועדת טרכטנברג",שוק העבודה - חרדים,,התמודדות עם החסם המקצועי - חרדים,פרישה ארצית של מרכזי הכוון תעסוקתיים יעודיים לאוכלוסייה החרדית,השמה ישירה בעבודה או במערכת ההשכלה הגבוהה של למעלה ממחצית הפונים,"פרישה ארצית של מרכזי הכוון תעסוקתי יעודיים לאוכלוסייה החרדית, בשיתוף הרשויות המקומיות","כחלק מהתמודדות עם החסמים בשוק העבודה - חרדים, שעלותו הכוללת היא 760 מלש""ח על פני החומש הקרוב (60 ב- 2012, 95 ב- 2013 ועד ל- 235 ב- 2016).",760,5,"שר האוצר, שר התמ""ת, שר החינוך",
24,"דו""ח ועדת טרכטנברג",שוק העבודה - חרדים,,התמודדות עם החסם המקצועי - חרדים,הקצאת שוברי הכשרה מקצועית - אוכלוסיה חרדית,"ניצול מלא של השוברים, תשלום החלק השלישי בשובר בעבור כשני שליש מהמוכשרים","הקצאת כ 500- שוברי הכשרה מקצועית ייעודיים לאוכלוסייה החרדית מדי שנה, אשר יחולקו על ידי מרכזי ההכוון, מינהלת השירות האזרחי-לאומי וגופים אחרים העוסקים בהכוונה ובהשמה בעבודה של גברים חרדים.","כחלק מהתמודדות עם החסמים בשוק העבודה - חרדים, שעלותו הכוללת היא 760 מלש""ח על פני החומש הקרוב (60 ב- 2012, 95 ב- 2013 ועד ל- 235 ב- 2016).",760,5,"שר האוצר, שר התמ""ת, שר החינוך",
25,"דו""ח ועדת טרכטנברג",שוק העבודה - חרדים,,התמודדות עם החסם המקצועי - חרדים,מכינה אקדמית למתנדבים לשירות אזרחי - אוכלוסיה חרדית,מעבר לאקדמיה של 75% מהלומדים במכינה עם תום השירות האזרחי,"הפעלת מכינה אקדמית למתנדבים לשירות אזרחי, אשר תאפשר לכל מתנדב לשירות אזרחי- בטחוני, הנמצא מתאים ללימודי השכלה גבוהה במקצועות חיוניים לשוק העבודה, ללמוד במכינה קדם-אקדמאית במקביל להתנדבותו","כחלק מהתמודדות עם החסמים בשוק העבודה - חרדים, שעלותו הכוללת היא 760 מלש""ח על פני החומש הקרוב (60 ב- 2012, 95 ב- 2013 ועד ל- 235 ב- 2016).",760,5,"שר האוצר, שר החינוך, וות""ת",
26,"דו""ח ועדת טרכטנברג",שוק העבודה - חרדים,,התמודדות עם החסם המקצועי - חרדים,תכנית ניסיונית ללימודי בגרות לחרדים,גיוס צבאי / שירות אזרחי של 75% מהמשתתפים בתכנית,הפעלת תכנית ניסיונית שתאפשר לימודי בגרות לצעירים בני 16-25 מחוץ למסגרת הישיבה.,"כחלק מהתמודדות עם החסמים בשוק העבודה - חרדים, שעלותו הכוללת היא 760 מלש""ח על פני החומש הקרוב (60 ב- 2012, 95 ב- 2013 ועד ל- 235 ב- 2016).",760,5,"שר האוצר, שר החינוך",
27,"דו""ח ועדת טרכטנברג",שוק העבודה - חרדים,,התמודדות עם החסם המקצועי - חרדים,"הרחבת תכנית ""חרדים לעתידם"" ",השתלבות בתעסוקה של 85% ממסיימי התואר,"הרחבת תכנית חרדים לעתידם המממנת לימודים אקדמאיים לגברים חרדים במקצועות נדרשים.
זאת, תוך מיקוד המשאבים הקיימים לתמרוץ סטודנטים חרדים ללמוד מקצועות נדרשים בשוק העבודה והעברת התכנית לאחריות וניהול של ות""ת","כחלק מהתמודדות עם החסמים בשוק העבודה - חרדים, שעלותו הכוללת היא 760 מלש""ח על פני החומש הקרוב (60 ב- 2012, 95 ב- 2013 ועד ל- 235 ב- 2016).",760,5,"שר האוצר, שר החינוך, וות""ת",
28,"דו""ח ועדת טרכטנברג",שוק העבודה - חרדים,,התמודדות עם החסם המקצועי,הרחבת מספר התלמידים החרדים במערכות החינוך הטכנולוגי ,גיוס צבאי / שירות אזרחי של 75% מהמשתתפים בתכנית,"הרחבת מספר התלמידים החרדים במערכות החינוך הטכנולוגי של משרדי התמ""ת והחינוך. הגדלה הדרגתית של מספר התלמידים, עד למחזור שנתי של למעלה מ 1,500- תלמידים חדשים בשנת 2015","כחלק מהתמודדות עם החסמים בשוק העבודה - חרדים, שעלותו הכוללת היא 760 מלש""ח על פני החומש הקרוב (60 ב- 2012, 95 ב- 2013 ועד ל- 235 ב- 2016).",760,5,"שר האוצר, שר החינוך",
29,"דו""ח ועדת טרכטנברג",שוק העבודה - חרדים,,התמודדות עם החסם המקצועי,"חיוב כל התלמידים בביצוע מבחני מיצ""ב",אין,"חיוב כל התלמידים בביצוע מבחני מיצ""ב - לרבות כלל התלמידים במסגרות חינוך חרדיות","כחלק מהתמודדות עם החסמים בשוק העבודה - חרדים, שעלותו הכוללת היא 760 מלש""ח על פני החומש הקרוב (60 ב- 2012, 95 ב- 2013 ועד ל- 235 ב- 2016).",760,5,"ראש הממשלה, שר החינוך",
30,"דו""ח ועדת טרכטנברג",שוק העבודה - חרדים,,התמודדות עם החסם המקצועי - חרדים,המשך שיפור מערך הפיקוח במוסדות החרדיים,לא נקבע מדד,"המשך שיפור מערך הפיקוח במוסדות החרדיים. זאת, תוך הרחבת מערך הפיקוח הקיים ואכיפת
קיומם של לימודי יסוד מכשירי תעסוקה בהתאם לאחוז התקצוב של מוסדות החינוך החרדיים.
ביטול התמיכה לכוללים בגין תלמידי ישיבה המגיעים מחו""ל לטובת לימודי ישיבה בארץ.
להגביר ולייעל את הפיקוח על התמיכות בכוללים ובכלל זאת לבחון אפשרות להגדלה הדרגתית של מספר התלמידים המינימאלי בכולל המזכה בתקצוב מ 15- תלמידים ל 5","כחלק מהתמודדות עם החסמים בשוק העבודה - חרדים, שעלותו הכוללת היא 760 מלש""ח על פני החומש הקרוב (60 ב- 2012, 95 ב- 2013 ועד ל- 235 ב- 2016).",760,5,"ראש הממשלה, שר החינוך",
31,"דו""ח ועדת טרכטנברג",שוק העבודה - חרדים,,התמודדות עם החסם הכלכלי - חרדים,מלגות קיום לאברכים,שילוב בתעסוקה של לפחות שליש מהאברכים הלומדים בכוללים,"החלת העקרונות שנקבעו על ידי
ועדת גבאי, כך שתיווצר אבחנה בין
מרבית תלמידי הכוללים אשר יוכלו
לקבל תמיכה למשך לא יותר מחמש
שנים, לבין קבוצה קטנה ומובחרת
של תלמידים הבוחרים להתמיד
בלימודים בכולל, תוך קביעת יחסים מספריים בין קבוצות אלו. זאת, תוך יצירת מתווה המתמרץ את תלמיד הכולל, במהלך השנה האחרונה ללימודיו בכולל, להשתלב בתעסוקה או בהכשרות מקצועיות","כחלק מהתמודדות עם החסמים בשוק העבודה - חרדים, שעלותו הכוללת היא 760 מלש""ח על פני החומש הקרוב (60 ב- 2012, 95 ב- 2013 ועד ל- 235 ב- 2016).",760,5,"ראש הממשלה, שר החינוך, שר האוצר",
32,"דו""ח ועדת טרכטנברג",שוק העבודה - חרדים,,התמודדות עם החסם הכלכלי - חרדים,"ביטול התמיכה לכוללים בגין תלמידי ישיבה המגיעים מחו""ל",לא ניתן מדד תוצאה,"ביטול התמיכה לכוללים בגין תלמידי ישיבה המגיעים מחו""ל לטובת לימודי ישיבה בארץ","כחלק מהתמודדות עם החסמים בשוק העבודה - חרדים, שעלותו הכוללת היא 760 מלש""ח על פני החומש הקרוב (60 ב- 2012, 95 ב- 2013 ועד ל- 235 ב- 2016).",760,5,"ראש הממשלה, שר החינוך, שר האוצר",
34,"דו""ח ועדת טרכטנברג",שוק העבודה - מיעוטים,,התמודדות עם חסמים לתעסוקה - מיעוטים,התנדבות לשירות אזרחי-לאומי - מיעוטים,שילוב בתעסוקה ו/או באקדמיה של לפחות 75% מהמתנדבים,"עמידה ביעדי ההתנדבות
הקבועים בהחלטה מס'
, 3564 מיום 31.7.2011
כך שלמעלה מ 20%-
משנתון בנות המיעוטים
. יתנדב בשנת 201","כחלק מהתמודדות עם החסמים לתעסוקה בשוק העבודה - מיעוטים, שעלותו הכוללת היא 785 מלש""ח על פני החומש הקרוב (2012 - 120; 2013 - 150; 2014 - 185; 2015 - 165; 2016 - 165)",785,5,"שר האוצר, שר התמ""ת; שר החינוך",
35,"דו""ח ועדת טרכטנברג",שוק העבודה - מיעוטים,,התמודדות עם חסמים לתעסוקה - מיעוטים,"הרחבת תכנית ""אשת חיל"" ",השמה בעבודה או במערכת ההשכלה הגבוהה של לפחות 70% מהמשתתפות,"הרחבת תכנית ""אשת חיל"" המספקת ליווי, העצמה והכוון תעסוקתי לנשים ממגזר המיעוטים שאינן משתתפות בשוק העבודה.","כחלק מהתמודדות עם החסמים לתעסוקה בשוק העבודה - מיעוטים, שעלותו הכוללת היא 785 מלש""ח על פני החומש הקרוב (2012 - 120; 2013 - 150; 2014 - 185; 2015 - 165; 2016 - 165)",785,5,"שר האוצר, שר התמ""ת",
36,"דו""ח ועדת טרכטנברג",שוק העבודה - מיעוטים,,התמודדות עם חסמים לתעסוקה,הפעלת מרכזי הכוון יעודיים לאוכלוסיית המיעוטים,השמה ישירה בעבודה או במערכת ההשכלה הגבוהה של למעלה ממחצית הפונים,"פרישה ארצית של כ 22- מרכזי הכוון יעודיים לאוכלוסיית המיעוטים (תוספת של 2 מרכזי הכוון מעבר
להפעלת 20 המרכזים שעתידים לקום מתוקף החלטות החומש למגזר המיעוטים). מרכזים אלו
ישמשו כ""שער לעולם העבודה"" בעבור כל בן מיעוטים החפץ בכך באמצעות מתן ייעוץ, ליווי והכוונה
תעסוקתית לגברים ונשים, וכן באמצעות מגוון כלי הכשרה והשמה.","כחלק מהתמודדות עם החסמים לתעסוקה בשוק העבודה - מיעוטים, שעלותו הכוללת היא 785 מלש""ח על פני החומש הקרוב (2012 - 120; 2013 - 150; 2014 - 185; 2015 - 165; 2016 - 165)",785,5,"שר האוצר, שר התמ""ת",
37,"דו""ח ועדת טרכטנברג",שוק העבודה - מיעוטים,,התמודדות עם חסמים לתעסוקה,הפעלת תכנית להקניית כישורים תעסוקתיים בסיסיים,לא נקבע מדד,הפעלת תכנית להקניית כישורים תעסוקתיים בסיסיים וללימודי שפה למתנדבי השירות האזרחי-לאומי המעוניינים בכך,"כחלק מהתמודדות עם החסמים לתעסוקה בשוק העבודה - מיעוטים, שעלותו הכוללת היא 785 מלש""ח על פני החומש הקרוב (2012 - 120; 2013 - 150; 2014 - 185; 2015 - 165; 2016 - 165)",785,5,"שר האוצר, שר התמ""ת",
38,"דו""ח ועדת טרכטנברג",שוק העבודה - מיעוטים,,התמודדות עם חסמים לתעסוקה ,סבסוד מעונות יום לנשים ממגזר המיעוטים ,עידוד השתלבות בתעסוקה של נשים ממגזר המיעוטים,סבסוד מעונות יום לנשים ממגזר המיעוטים העובדות במשרות חלקיות ומתן עדיפות לילדי נשים ממגזר המיעוטים בקבלה למעון.  נשים ממגזר המיעוטים אשר עובדות לפחות 24 שעות שבועיות יקבלו סבסוד הזהה לסבסוד שמקבלות שאר האימהות העובדות 36 שעות שבועיות,"כחלק מהתמודדות עם החסמים לתעסוקה בשוק העבודה - מיעוטים, שעלותו הכוללת היא 785 מלש""ח על פני החומש הקרוב (2012 - 120; 2013 - 150; 2014 - 185; 2015 - 165; 2016 - 165)",785,5,"שר האוצר, שר החינוך וב- 2012 בשיתוף עם שר התמ""ת",
39,"דו""ח ועדת טרכטנברג",שוק העבודה - מיעוטים,,התמודדות עם חסמים לתעסוקה,"מיקוד עבודת היחידה לאכיפת חוקי עבודה במשרד התמ""ת",הגדלה פי 3 של מספר המעסיקים הנבדקים מדי שנה,"מיקוד עבודת היחידה לאכיפת חוקי עבודה במשרד התמ""ת, בפעילות אכיפה יזומה כנגד מעסיקים המפירים את זכויותיהם של עובדים בשכר נמוך","כחלק מהתמודדות עם החסמים לתעסוקה בשוק העבודה - מיעוטים, שעלותו הכוללת היא 785 מלש""ח על פני החומש הקרוב (2012 - 120; 2013 - 150; 2014 - 185; 2015 - 165; 2016 - 165)",785,5,"שר האוצר, שר התמ""ת",
40,"דו""ח ועדת טרכטנברג",שוק העבודה - מיעוטים,,התמודדות עם חסמים לתעסוקה,הרחבת מספר התלמידות בנות המיעוטים במערכות החינוך הטכנולוגי,השתלבות בתעסוקה של לפחות שני שליש מהתלמידות,"הרחבת מספר התלמידות בנות המיעוטים במערכות החינוך הטכנולוגי של משרדי החינוך והתמ""ת","כחלק מהתמודדות עם החסמים לתעסוקה בשוק העבודה - מיעוטים, שעלותו הכוללת היא 785 מלש""ח על פני החומש הקרוב (2012 - 120; 2013 - 150; 2014 - 185; 2015 - 165; 2016 - 165)",785,5,"שר האוצר, שר התמ""ת, שר החינוך",
41,"דו""ח ועדת טרכטנברג",שוק העבודה - מיעוטים,,התמודדות עם חסמים לתעסוקה,כלים לעידוד ביקוש עובדים בני מיעוטים,לא ניתן מדד תוצאה,הפעלת מספר כלים לעידוד הביקוש לעובדים בני מיעוטים,"כחלק מהתמודדות עם החסמים לתעסוקה בשוק העבודה - מיעוטים, שעלותו הכוללת היא 785 מלש""ח על פני החומש הקרוב (2012 - 120; 2013 - 150; 2014 - 185; 2015 - 165; 2016 - 165)",785,5,"שר האוצר, שר התמ""ת",
42,"דו""ח ועדת טרכטנברג",שוק העבודה - מיעוטים,,התמודדות עם חסמים לתעסוקה,הפעלת תכנית ללימודי סיעוד לנשים ממגזר המיעוטים,סיום לימודים בהצלחה והשתלבות בעבודה בסיעוד של כ-85% מהתלמידות,"הפעלת תכנית ללימודי סיעוד לנשים ממגזר המיעוטים בדרום הארץ, הכוללת מימון לימודים ומלגות קיום","כחלק מהתמודדות עם החסמים לתעסוקה בשוק העבודה - מיעוטים, שעלותו הכוללת היא 785 מלש""ח על פני החומש הקרוב (2012 - 120; 2013 - 150; 2014 - 185; 2015 - 165; 2016 - 165)",785,5,"שר האוצר, שר התמ""ת",
43,"דו""ח ועדת טרכטנברג",שוק העבודה - מיעוטים,,התמודדות עם חסמים לתעסוקה,הפעלת תכנית להשלמת השכלת יסוד ,קליטה בתעסוקה של לפחות מחצית מהמשתתפות,"הפעלת תכנית להשלמת השכלת יסוד (""תכנית עידית""), תוך כדי מתן ליווי שוטף והכוון תעסוקתי עם סוף הלימודים","כחלק מהתמודדות עם החסמים לתעסוקה בשוק העבודה - מיעוטים, שעלותו הכוללת היא 785 מלש""ח על פני החומש הקרוב (2012 - 120; 2013 - 150; 2014 - 185; 2015 - 165; 2016 - 165)",785,5,"שר האוצר, שר החינוך",
44,"דו""ח ועדת טרכטנברג",שוק העבודה - מיעוטים,,התמודדות עם חסמים לתעסוקה,הפעלת תכנית הכשרה להשכלה גבוהה לבני מיעוטים,"השתלבות באקדמיה
של לפחות 80%
מהמשתתפות","הפעלת תכנית הכשרה להשכלה גבוהה (חיזוק אנגלית, הכנה לפסיכומטרי, ייעוץ והכוון וכו'). התכנית תופעל על ידי מרכזי ההכוון הייעודיים","כחלק מהתמודדות עם החסמים לתעסוקה בשוק העבודה - מיעוטים, שעלותו הכוללת היא 785 מלש""ח על פני החומש הקרוב (2012 - 120; 2013 - 150; 2014 - 185; 2015 - 165; 2016 - 165)",785,5,"שר האוצר, שר החינוך, וות""ת",
45,"דו""ח ועדת טרכטנברג",שוק העבודה - מיעוטים,,התמודדות עם חסמים לתעסוקה,הקצאת שוברי הכשרה מקצועית לבני מיעוטים,"ניצול מלא של השוברים,
תשלום החלק השלישי
בשובר בעבור כשני שליש
מהמוכשרים",\הקצאת שוברי הכשרה מקצועית ייעודיים לבני מיעוטים על ידי מרכזי ההכוון,"כחלק מהתמודדות עם החסמים לתעסוקה בשוק העבודה - מיעוטים, שעלותו הכוללת היא 785 מלש""ח על פני החומש הקרוב (2012 - 120; 2013 - 150; 2014 - 185; 2015 - 165; 2016 - 165)",785,5,"שר האוצר, שר התמ""ת",
46,"דו""ח ועדת טרכטנברג",שוק העבודה - מיעוטים,,התמודדות עם חסמים לתעסוקה,יישום 4 תכניות החומש למגזר המיעוטים ,לא נקבע מדד תוצאה,"יישום 4 תכניות החומש למגזר המיעוטים (בעלות כוללת של כ-3 מיליארד ש""ח)","כחלק מהתמודדות עם החסמים לתעסוקה בשוק העבודה - מיעוטים, שעלותו הכוללת היא 785 מלש""ח על פני החומש הקרוב (2012 - 120; 2013 - 150; 2014 - 185; 2015 - 165; 2016 - 165)",785,5,"משרד ראש הממשלה - הרשות לפיתוח המגזר היהודי, שר האוצר, משרדי ממשלה נוספים",
47,"דו""ח ועדת טרכטנברג",שוק העבודה- מענקי מס הכנסה שלילי,,מענק מס הכנסה שלילי,מענק מס הכנסה שלילי,צמצום תחולת העוני,"הגדלת מענק מס ההכנסה השלילי ב 50%- לאימהות עובדות תוך הגדלה של מתווה שחיקת המענק
באופן שהמס השולי האפקטיבי לא יעלה על 50","800 מלש""ח על פני החומש (200 בשנה החל מ- 2013)",800,5,שר האוצר,
48,"דו""ח ועדת טרכטנברג",טיפול בשוק העבודה והרחבת מעגל המועסקים במשק,,סיוע בהשתלבות אנשים בעלי מוגבלויות בשוק העבודה,הקמת מרכזי הכוון וליווי לבעלי מוגבלויות,לא נקבע מדד תוצאה,"הקמת מרכזי הכוון וליווי תעסוקתי אשר יתכללו את הפעילות הממשלתית
הקיימת. מטרת מרכזים אלו לשלב זכאים לקצבת נכות בשוק העבודה בשלבי הטיפול הראשוניים,","330 מלש""ח (50 חד פעמי ב-2013 ו-70 מלש""ח בכל אחת מהשנים 2013-2016)",330,3,"שר התמ""ת, שר הרווחה, שר האוצר",
52,"דו""ח ועדת טרכטנברג",שוק העבודה - אכיפת חוקי עבודה,,אכיפת חוקי עבודה,אישור הצעת החוק הממשלתית להגברת האכיפה של חוקי עבודה,הגדלה פי 3 של מספר המעסיקים הנבדקים מדי שנה,"אישור החוק להגברת
האכיפה בכנסת ומיקוד
פעילות האכיפה
המנהלית כנגד הפרת
""חוקים משפיעי שכר""",אין עלות כספית,0,0,"שר התמ""ת, שר המשפטים, שר האוצר",
53,"דו""ח ועדת טרכטנברג",שוק העבודה - אכיפת חוקי עבודה,,אכיפת חוקי עבודה,החלת שיתוף מידע של מערך אכיפת העבודה ,לא הוגדר מדד תוצאה,"שתוף פעולה בין במשרד התעשייה, המסחר והתעסוקה עם רשות המסים ועם המוסד לביטוח לאומי, בכפוף לבחינת התכנות משפטית",אין עלות כספית,0,0,"שר האוצר, שר התמ""ת, שר המשפטים",
54,"דו""ח ועדת טרכטנברג",שוק העבודה - אכיפת חוקי עבודה,,אכיפת חוקי עבודה,תגבור כוח האדם לאכיפת חוקי עבודה ,בהתאם למתווה שיקבע,"בהתאם למתווה שיקבע על ידי שר התמ""ת ושר האוצר. תפוקות מפורטת לתחומי האכיפה שיתוגברו ולכמות העיצומים הכספיים וההתראות שיינתנו.",אין עלות כספית,0,0,שר האוצר,"שר התמ""ת"
55,"דו""ח ועדת טרכטנברג",שוק העבודה - עובדים זרים והשפעתם על המשק הישראלי,,ענפי הבניין והחקלאות,צמצום עובדים זרים בבניין וחקלאות,"הפחתת מכסות העובדים הזרים ל-18,900 בענף החקלאות עד לשנת 2015 ול-0 בענף הבניין עד לשנת 2016",לדבוק בהחלטות הממשלה בנושא שעיקרן צמצום מספר העובדים הזרים והעלאת האטרקטיביות של העובד הישראלי,"למימוש המלצות אלה, המליצה הוועדה על הקצאת סכום כולל של 2.7 מליארד ₪ במהלך החומש
הקרוב.",2700,5,"שר האוצר, שר השיכון, שר הפנים, שר התמ""ת",
56,"דו""ח ועדת טרכטנברג",שוק העבודה - עובדים זרים והשפעתם על המשק הישראלי,,,הסדרים בילטראליים,הבאת עובדים זרים אך ורק במסגרת הסדרים בילטראליים ללא גביית דמי תיווך שלא כחוק,מניעת תופעת הגבייה של דמי תיווך שלא כחוק על ידי הסדרים בילטראליים לגיוס העובדים ללא שיתוף גורמים פרטיים בהליך (הסדר מדינה מול מדינה),,0,0,"שר הפנים, שר המשפטים, שר האוצר, שר התמ""ת",
57,"דו""ח ועדת טרכטנברג", טיפול בשוק העבודה והרחבת מעגל המועסקים במשק,,שוק העבודה - עובדים זרים והשפעתם על המשק הישראלי,עידוד יציאה כחוק של עובדים זרים,צמצום מספר העובדים הנשארים בישראל שלא כחוק בתום תקופת שהייתם החוקית בישראל,החלת פיקדון יציאה מרצון בכלל הענפים בהם מועסקים עובדים זרים,"אין סעיף תפלמימוש המלצות אלה, המליצה הוועדה על הקצאת סכום כולל של 2.7 מליארד ₪ במהלך החומש
הקרוב.קידי",2700,5,"שר הפנים, שר המשפטים, שר האוצר",
58,"דו""ח ועדת טרכטנברג", טיפול בשוק העבודה והרחבת מעגל המועסקים במשק,,שוק העבודה - עובדים זרים והשפעתם על המשק הישראלי,מסתננים מגבול מצרים,צמצום מספר המסתננים הנכנסים וכן השלמת בניית הגדר בגבול מצרים.,המשך פעולות הממשלה,"למימוש המלצות אלה, המליצה הוועדה על הקצאת סכום כולל של 2.7 מליארד ₪ במהלך החומש
הקרוב.",2700,5,"ראש הממשלה, שר האוצר, שר הבטחון",
59,"דו""ח ועדת טרכטנברג",תחבורה,,תחבורה ציבורית,שיפור הניידות בפריפריה,שיפור השירות מהפריפריה למרכז והפחתת התלות ברכב הפרטי, פריסת קווים מהירים וישירים מהפריפריה למרכזי התעסוקה ולמרכזי המטרופולינים.,"מומלץ להקצות לסעיף זה 200 מיליון ש""ח מתוך תוכנית החומש. מיליארד ש""ח סך הכל. ",1000,5,"שר האוצר, שר התחבורה",
60,"דו""ח ועדת טרכטנברג",תחבורה,,תחבורה ציבורית,שיפור מערך המידע לציבור,שיפור מערך המידע לציבור,"פריסת שלטי מידע בשמן אמת
ברחבי הארץ, שיפור המידע
באוטובוס ושיפור אתר המידע
המרכזי","בתחום שיפור איכות השירות מומלץ להקצות תוספת, בהבשלה מלאה, של כ- 300 מליון ש""ח בשנה. סך הכל - 1.5 מיליארד שקל. ",1500,5,"שר האוצר, שר התחבורה",
61,"דו""ח ועדת טרכטנברג",תחבורה,,תחבורה ציבורית,כרטוס משולב עם הרכבת,שיפור השילוביות עם הרכבת,שיפור השילוביות בין הרכבת לתחבורה הציבורית באוטובוסים . שיפור מערך ההזנה לרכבת באוטובוסים והנהגת כרטיסים משולבים בין האוטובוסים לרכבת כך שהתעריף בקווים אלו יהיה נמוך באופן משמעותי מהתעריף הרגיל בקווי השירות.,"בתחום שיפור איכות השירות מומלץ להקצות תוספת, בהבשלה מלאה, של כ 300- מלש""ח בשנה",1500,5,"שר האוצר, שר התחבורה",רכבת ישראל
62,"דו""ח ועדת טרכטנברג",תחבורה,,תחבורה ציבורית,שירותי תחבורה ציבורית ממוקדים לקשישים,שיפור שירותי התחבורה הציבורית הניתנים לקשישים,"מוצע לשפר את רמת השירות למוסדות דיור מוגן,
בדגש על אלה שאינם נמצאים במרכזי ערים, וליעדים נוספים בהתחשב בצרכים הייחודיים של
אוכלוסייה זו.",בתחום שיפור הניידות מומלץ להקצות תוספת של 200 מיליוני ₪,1000,5,"שר האוצר, שר התחבורה",
63,"דו""ח ועדת טרכטנברג",תחבורה,,תחבורה ציבורית,הגדרת תנאי סף לשירותי תחבורה ציבורית בפריפריה,הבטחת רמת ניידות לתושבי הפריפריה,סף למינימום שירות ליישובים כפריים ופריפריאליים תוך שיפור השירות ליישובים אלו,בתחום שיפור הניידות מומלץ להקצות תוספת של 200 מיליוני ₪,1000,5,"שר האוצר, שר התחבורה",
64,"דו""ח ועדת טרכטנברג",תחבורה,,תחבורה ציבורית,הגברת השילוביות בין האוטובוס לרכבת,שיפור רמת השילוביות עם רכבת ישראל,שיפור מערך ההזנה לרכבת באוטובוסים,"בתחום שיפור איכות השירות מומלץ להקצות תוספת, בהבשלה מלאה, של כ 300- מלש""ח בשנה",1500,5,"שר האוצר, שר התחבורה",
65,"דו""ח ועדת טרכטנברג",תחבורה,,תחבורה ציבורית,אכיפה בנתיבי תחבורה ציבורית,אכיפה יעילה בנתיב התחבורה הציבורית,מוצע לבצע שיפורים על מנת להגביר את מהירות הנסיעה ובכלל זאת הגברת האכיפה בנתיבי תחבורה ציבורית ,"בתחום שיפור איכות השירות מומלץ להקצות תוספת, בהבשלה מלאה, של כ 300 מלש""ח בשנה",1500,5,"שר האוצר, שר התחבורה",
66,"דו""ח ועדת טרכטנברג",תחבורה,,תחבורה ציבורית,הגברת השירות למכללות,שיפור רמת השירות הניתן למכללות,"מוצע לשפר את רמת השירות הניתנת למכללות, על ידי תוספת נסיעות ושיפור
התדירות.","בתחום שיפור איכות השירות מומלץ להקצות תוספת, בהבשלה מלאה, של כ 300 מלש""ח בשנה",1500,5,"שר האוצר, שר התחבורה",
67,"דו""ח ועדת טרכטנברג",תחבורה,,תחבורה ציבורית,הגדלת היצע השירות במטרופולינים,הגברת התדירות בקווים אלו בכ- 30%,הגדלת היצע השירות במטרופולינים והגברת התדירות,"בתחום שיפור איכות השירות מומלץ להקצות תוספת, בהבשלה מלאה, של כ 300 מלש""ח בשנה",1500,5,"שר האוצר, שר התחבורה",
68,"דו""ח ועדת טרכטנברג",תחבורה,,תחבורה ציבורית,כרטוס מחוץ לאוטובוס,צמצום זמני ההמתנה בתחנות וצמצום עיסוק הנהג במכירת כרטיסים,הצבת מכונות כרטוס מחוץ לאוטובוסים,"בתחום שיפור איכות השירות מומלץ להקצות תוספת, בהבשלה מלאה, של כ 300 מלש""ח בשנה",1500,5,"שר האוצר, שר התחבורה",
69,"דו""ח ועדת טרכטנברג",תחבורה,,תחבורה ציבורית,הרחבת ההנחות לזכאים,לא נקבע מדד תוצאה,"מוצע לצמצם את עלות הנסיעה בתחבורה הציבורית
לאוכלוסיות הזכאים בהתאם לקריטריונים של ביטוח לאומי, כך שהיקף ההנחה תעלה לרמה
המקסימאלית הקיימת בתחבורה הציבורית, קרי 50% (בדומה לנהוג עבור אזרח ותיק).",בתחום שיפור הניידות מומלץ להקצות תוספת של 200 מיליוני ₪ בשנה,1000,5,"שר האוצר, שר התחבורה",
70,"דו""ח ועדת טרכטנברג",תחבורה,,תחבורה ציבורית,הנחות לסטודנטים,לא נקבע מדד תוצאה,"המתן הנחה של עד כ- 50%
לסטודנטים העושים שימוש קבוע בתחבורה הציבורית.",בתחום שיפור הניידות מומלץ להקצות תוספת של 200 מיליוני ₪ בשנה.,1000,5,"שר האוצר, שר התחבורה",
76,"דו""ח ועדת טרכטנברג",מערכת המס,,,מיסים,"הקטנת אי השיוויון במשק, פוטנציאל הכנסות של כ 2,500 מלש""ח בשנת 2012",ביטול מתווה המס הישיר הפוחת,,0,0,,
77,"דו""ח ועדת טרכטנברג",מערכת המס,,,מיסים,"הקטנת אי השיוויון במשק, פוטנציאל הכנסות של 700 מלש""ח בשנת 2012","העלאת מדרגת המס העליונה, המתחילה בכנסה של 40,231 שח לחודש (במחירי שנת מס 2011) בשלוש נקודות אחוז עד לשיעור של 48 אחוזים",,0,0,,
78,"דו""ח ועדת טרכטנברג",מערכת המס,,,מיסים,"הקטנת אי השיוויון במשק, פוטנציאל הכנסות של 1,400 מלש""ח בשנת 2012",העלאת מס החברות הססטוסטורי העומד כיום על 24% ל- 25% בשנת 2012 ובחינה להעלאה נוספת ל-26% בשנת 2013 בהתאם לצרכים הפיסקאליים,,0,0,,
79,"דו""ח ועדת טרכטנברג",מערכת המס,,,מיסים,"הקטנת אי השיוויון במשק, פוטנציאל הכנסות של 1,300 מלש""ח בשנת 2012","העלאת המס על ריבית, דיבידנדים, רווחי הון ומס שבח למי שאינו בעל עניין ב-5 נקודות אחוז מ-%20 ל-%25. שיעור המס על בעל עניין מהותי יועלה מ-%25 ל-%30",,0,0,,
80,"דו""ח ועדת טרכטנברג",מערכת המס,,,מיסים,"הקטנת התמריץ לתכנון מס והקמת ""חברות ארנק"", פוטנציאל לאובדן הכנסות בסך 800 מלש""ח בשנת 2012, והגדלת הכנסות בהמשך","ביטול ה""גיבנת"" הקיימת כתוצאה מהעלאת תקרת הביטוח הלאומי",,0,0,,
81,"דו""ח ועדת טרכטנברג",מערכת המס,,,מיסים,"הקטנת אי השיוויון במשק, פוטנציאל הכנסות של 400 מלש""ח בשנת 2012","החלת מס על הכנסות גבוהות מהון ועבודה, 2% מס נוסף על סך ההכנסות מעל מיליון שח לשנה",,0,0,,
82,"דו""ח ועדת טרכטנברג",מערכת המס,,,מיסים,"חיזוק עצמאות המוסד לביטוח לאומי, הקטנת תלות הקצבאות בתקציב המדינה, פוטנציאל הכנסות של 1,300 מלש""ח בשנה, במיצוי מלא על פני שלוש שנים",העלאת הפרשות מעסיק לביטוח לאומי על חלק השכר הגבוה מ- 60% מהשכר הממוצע ב- 1.6 נקודות אחוז (מ-5.9 אחוזים ל7.5 אחוזים),,0,0,,
83,"דו""ח ועדת טרכטנברג",מערכת המס,,,מיסים,"הקלת יוקר המחייה, אובדן הכנסות של 2,500 מלש""ח בשנת 2012","ביטול העלאות הבלו על דלקים שנקבעו
לשנת 2012. בפרט: הפחתת הבלו על בנזין ב-40 אגורות לליטר, הבלו על הסולר ב-20 אגורות לליטר והמס על פחם ב-34 ש""ח לטו",,0,0,,
84,"דו""ח ועדת טרכטנברג",מערכת המס,,,מיסים,"הקלה בנטל הכלכלי על משפחות עובדות, אבדן הכנסות של 1,000 מלש""ח בשנת 2012","מתן שתי נקודות זיכוי לגבר, עבור כל ילד עד להגיעו של הילד לגיל 3",,0,0,,
85,"דו""ח ועדת טרכטנברג",מערכת המס,,,מיסים,"הקלת יוקר המחיה, הגברת התחרותיות, אובדן הכנסות של עד 1,500 מלש""ח בשנת 2012",הפחתה במיסי קנייה ומכסים בהתאם להמלצות וועדת קדמי וצוות התחרותיות של הועדה לשינוי כלכלי חברתי,,0,0,,
86,"דו""ח ועדת טרכטנברג",מערכת המס,,,מיסים,דוח המלצות לממשלה עד לתאריך 1.6.2012 שילוב ההמלצות בתקציב 2013,"הקמת צוות לבחינת דרכים להגברת האכיפה וטיפול ב""הון השחור""",,0,0,,
87,"דו""ח ועדת טרכטנברג",מערכת המס,,,מיסים,דוח המלצות לממשלה עד לתאריך 1.6.2012 שילוב ההמלצות בתקציב 2013,"הקמת צוות לבחינת נושא ""חברות הארנק"", חברות אחזקה פרטיות ואופציות לעובדים",,0,0,,
88,"דו""ח ועדת טרכטנברג",דיור,,הגדלת היצע הדיור בטווח הבינוני ארוך,עדכון תפיסת התכנון בתוכנית המתאר הארצית מספר 35,"תמ""א ארצית מעודכנת תומכת ציפוף, התחדשות עירונית, אורבניזציה ומטרופולינים","יש לבחון את היקף השטחים המיועדים לפיתוח בתוך המרקמים העירוניים, להגדילם ככל שיעלה הצורך, ולאפשר בשטחים אלה להכין ולאשר תוכניות מפורטות. עידוד תכניות מפורטות המעבות את המרקם הבנוי ונשענות על תחבורה ציבורית, דבר שיאפשר יצירת מתחמי מגורים אינטנסיביים בעלי מגוון יחידות דיור ונגישות גבוהה ומיידית לתעסוקה, חינוך, תרבות ופנאי. יש מקום לזהות, במסגרת תמ""א 35 , פתרונות אופציונאליים למגורים לאוכלוסייה הלא יהודית, באופן שיאפשר מתן פתרונות נוספים לדיור לאוכלוסייה זו.",לא מתוקצב,0,0,משרד השיכון,
89,"דו""ח ועדת טרכטנברג",דיור,,,הגדלת היצע דיור לטווח הארוך,"בתכנון - אישור 196,000 יח""ד בחומש הקרוב. שיווק – 200,000 יח""ד בחומש הקרוב, מתוכן 20% המתאימות לדיור בהישג יד.",קביעת יעדים כמותיים למלאי התכנוני ולשיווקי מינהל מקרקעי ישראל,,0,0,,
90,"דו""ח ועדת טרכטנברג",דיור,,הגדלת היצע דיור לטווח הארוך,קביעת יעדי מדיניות בתחום הפיתוח האורבני,יצירת יעדי מדיניות מוגדרים לפיתוח אורבני,"קידום מדיניות פיתוח כוללת של המרחב האורבני, האצת תהליכים לחיזוק המרכזים המטרופוליניים וערי הפריפריה וקידום העיור במגזר הלא יהודי, ומתן מענה תשתיתי מקיף בדגש על קידום מערכות חדשניות של תחבורה ציבורית ואמצעים משלימים להגברת הנגישות","לא מפורט בדו""ח",0,0,משרד ראש הממשלה,"משרדי האוצר, הפנים, השיכון, התחבורה, הסביבה, התשתיות והתעשייה ומסחר"
91,"דו""ח ועדת טרכטנברג",דיור,,הגדלת היצע הדיור בטווח הבינוני והארוך,צמצום הריכוזיות במקרקעין והקטנת התמריץ לאגירת קרקעות מתוכננות,"הגברת התחרותיות בשוק המקרקעין, הקטנת היקפי המקרקעין המוחזקים בידי חברות","בחוק רשות מקרקעי ישראל נקבע כי על שר השיכון להתקין תקנות בנושא הגברת התחרות ומניעת
הריכוזיות בהחזקת המקרקעין.
הוועדה ממליצה להאיץ את עבודת הוועדה שהוקמה לצורך גיבוש תקנות בנושא.
במסגרת זו מוצע, בין השאר, להגביל את הזוכה במכרז לשיעור מסוים מתוך מספר יחידות הדיור
המוצעות במכרז כאשר השיעור המקסימלי ייקבע על פי קריטריונים הקשורים בקיומם של אילוצים תכנוניים ובסך היקף יחידות הדיור במכרז.","לא מפורט בדו""ח",0,0,משרד השיכון,
92,"דו""ח ועדת טרכטנברג",דיור,,,הגדלת היצע הדיור בטווח הבינוני והארוך,הגדלת היצע זמין לבנייה באלפי יחידות דיור,חיזוק ועדת החסמים,,0,0,,
93,"דו""ח ועדת טרכטנברג",דיור,,,הגדלת היצע הדיור בטווח הבינוני והארוך,שחרור אלפי יחידות דיור לבנייה,מתן קדם מימון לביצוע תשתיות המהוות חסם לקידום תוכניות למגורים,,0,0,,
94,"דו""ח ועדת טרכטנברג",דיור,,,הגדלת היצע הדיור בטווח הבינוני והארוך,הגדלת היצע קרקעות מתוכננות,ליווי ממשלתי צמוד של מתחמים נבחרים,,0,0,,
95,"דו""ח ועדת טרכטנברג",דיור,,,הגדלת היצע הדיור בטווח הבינוני והארוך,התקדמות לשלב פינוי דיירים ב-5 מתחמים לפחות,טיפול בעלויות הפיתוח בהתחדשות עירונית,,0,0,,
96,"דו""ח ועדת טרכטנברג",דיור,,,הגדלת היצע הדיור בטווח הבינוני והארוך,אישור סטאטורי לתכניות פינוי ובינוי ברמה המקומית מכוח התכנית המתארית,תקצוב תכניות מתאר לפינוי בינוי,,0,0,,
97,"דו""ח ועדת טרכטנברג",דיור,,,הגדלת היצע הדיור בטווח הבינוני והארוך,צמצום המקרים המגיעים להכרעת בית המשפט בעילת התנגדות לפרויקט פינוי ובינוי,השלמת מנגנון שמאי מכריע לפינוי ובינוי,,0,0,,
98,"דו""ח ועדת טרכטנברג",דיור,,,הגדלת היצע הדיור בטווח הבינוני והארוך,ייעול הליכי פיתוח ברשויות,השלמת חקיקת חוק היטלי פיתוח,,0,0,,
99,"דו""ח ועדת טרכטנברג",דיור,,,הגדלת היצע הדיור בטווח הבינוני והארוך,הבטחת הגדלת מלאי הקרקעות בשוק,עידוד השיווק באמצעות הורדת מחיר המינימום במכרזי מנהל מקרקעי ישראל ל-35%,,0,0,,
100,"דו""ח ועדת טרכטנברג",דיור,,,הגדלת היצע הדיור בטווח הבינוני והארוך,שמירה על שיעור הקליטה הקיים של שיווקים של המינהל,עידוד השיווק באמצעות דחיית תשלומי היזם עבור הקרקע ל-180 יום,,0,0,,
101,"דו""ח ועדת טרכטנברג",דיור,,,הגדלת היצע הדיור בטווח הקצר,הגדלת היצע הדירות בטווח הקצר-בינוני בעיקר באזורי ביקוש בהיקף של אלפי יחידות דיור,עידוד הבנייה על קרקע מתוכננת ומשווקת,,0,0,,
102,"דו""ח ועדת טרכטנברג",דיור,,,הגדלת היצע הדיור בטווח הקצר,קיטון משמעותי במספר הדירות הריקות,עידוד האכלוס של דירות ריקות,,0,0,,
103,"דו""ח ועדת טרכטנברג",דיור,,,הגדלת היצע הדיור בטווח הקצר,קיטון משמעותי במספר הדירות שאינן ראויות לשימוש ושיפור המרקם העירוני,עידוד שיקום דירות שאינן ראויות לשימוש,,0,0,,
104,"דו""ח ועדת טרכטנברג",דיור,,,הגדלת היצע הדיור בטווח הקצר,תוספת אלפי יחידות דיור קטנות תוך שמירה על עקרונות תכנוניים,הקלה בפיצול דירות,,0,0,,
105,"דו""ח ועדת טרכטנברג",דיור,,,דיור בר השגה,הוספת יעוד קרקע בחוק התכנון והבנייה – קרקע בייעוד השכרה.,יצירת שוק שכירות מגוון בדגש על שכירות ארוכת טווח,,0,0,,
106,"דו""ח ועדת טרכטנברג",דיור,,,דיור בר השגה,שיווק מירב יחידות הדיור לשכירות במכרזים המותאמים לגופים קונצרנים,עידוד גופים מוסדיים להקמת בניני השכרה לטווח ארוך,,0,0,,
107,"דו""ח ועדת טרכטנברג",דיור,,,דיור בר השגה,תכנון ממוצע של 20% דירות קטנות בתוכנית,הגדלת היצע הדירות הקטנות,,0,0,,
108,"דו""ח ועדת טרכטנברג",דיור,,,פרויקטים מיוחדים על קרקע מדינה,"הקמת 5,000 יחידות דיור בשיטה זו",הגדלת היצע הדירות המשווקות במכרזי מחיר למשתכן,,0,0,,
108,"דו""ח ועדת טרכטנברג",דיור,,,פרויקטים מיוחדים על קרקע מדינה,"הקמת 5,000 יחידות דיור בשיטה זו",שיווק דירות להשכרה במחיר מוזל ומפוקח,,0,0,,
109,"דו""ח ועדת טרכטנברג",דיור,,,טיפול באוכלוסיות מיוחדות,הגדלת היצע הבנייה הרוויה ביישובי מיעוטים,הרחבה הדרגתית של מרכיבי הדיור בתכנית החומש לפיתוח כלכלי בכלל יישובי מגזרי המיעוטים,"עלות כוללת של 250 מיליון ש""ח בפריסה של 5 שנים",250,0,,
110,"דו""ח ועדת טרכטנברג",דיור,,,טיפול באוכלוסיות מיוחדות,החלטת הממשלה על הקמת יישוב חדש לאור תוצאות הבחינה הכלכלית והתכנונית,הקמת יישובים חדשים לאוכלוסיית המיעוטים,,0,0,,
111,"דו""ח ועדת טרכטנברג",דיור,,,טיפול באוכלוסיות מיוחדות,הרחבת שטחי השיפוט של רשויות מקומיות ממגזרי המיעוטים באופן שיאפשר פיתוח נוסף,הרחבת שטחי שיפוט,,0,0,,
112,"דו""ח ועדת טרכטנברג",דיור,,,טיפול באוכלוסיות מיוחדות,הרחבת היצע המגורים לאוכלוסיית הסטודנטים,הגדלת היצע המעונות לסטודנטים,"עלות כוללת של 100 מיליון ש""ח",100,0,,
113,"דו""ח ועדת טרכטנברג",דיור,,,טיפול באוכלוסיות מיוחדות,קיצור תור הקשישים הזכאים הממתינים לפתרונות דיור,הרחבת היצע הדיור המוגן לקשישים מקבלי הבטחת הכנסה,"עלות כוללת של 110 מיליון ש""ח בפריסה של שנתיים",110,0,,
114,"דו""ח ועדת טרכטנברג",דיור,,,טיפול באוכלוסיות מיוחדות,הקלה בנטל הדיור של זכאי משרד השיכון,"הגדלת היקף הסיוע בשכ""ד לזכאים","עלות כוללת של 800 מיליון ש""ח בפריסה של 5 שנים",800,0,,
115,"דו""ח ועדת טרכטנברג",דיור,,,טיפול באוכלוסיות מיוחדות,קיצור תור הממתינים לדיור ציבורי,שמירה על מלאי הדיור הציבורי הקיים.,,0,0,,
116,"דו""ח ועדת טרכטנברג",יוקר המחייה,,רגולציה,"הגדרה ברורה של מטרת הרגולציה כך שתכלול, בין היתר, אחריות ברורה לרווחת הצרכנים ולתחרות בתחום הרלוונטי",מיקוד הרגולציה ביוקר המחיה,"על מנת למקד את עבודת הממשלה ופעילותם של הרגולטורים השונים, המלצת הועדה
הינה לעגן הגדרה ברורה של מטרת הרגולציה כך שתכלול, בין היתר, אחריות ברורה
לרווחת הצרכנים ולתחרות בתחום הרלוונטי באמצעות תיקון חקיקה ראשי, אשר יחול על
מעורבות המדינה בשווקים בישראל ככלל, ועל מהלכי רגולציה כלכלית בפרט. יתרה מכך,
הועדה ממליצה שכצעד משלים לשינויים המפורטים בדו""ח זה, הממשלה תטיל על משרדי
המשפטים והאוצר לבצע סריקה רחבה בגופי הרגולציה הקיימים במטרה לאפיין מבנים לא
מיטביים ולקדם שינויים בהם, מובן כי בדיקה נקודתית נדרש כי תיעשה במשותף עם המשרד
הרלוונטי.",תוספת תקציבית שלא הוגדרה,0,0,"מנכ""ל משרד האוצר, משרד המשפטים",
117,"דו""ח ועדת טרכטנברג",יוקר המחייה,,רגולציה,תגבור איכות וסמכויות רגולטורים,שיפור איכות הרגולציה,"תגבור איכותם, מומחיותם ויכולותיהם של הרגולטורים בישראל באמצעות מספר
כלים:
א. הרחבת המשאבים העומדים לרשותם של הרגולטורים, בדגש על משאבים
לאכיפה;
ב. ביצוע הכשרות מתאימות באופן סדיר וקבוע;
ג. בחינה של תנאי סף לכשירותם של רגולטורים, על מנת לפעול בהדרגה לבחירתו
עיקרי ההמלצות - יוקר המחיה והתחרותיות 165
של כח האדם המתאים והמקצועי ביותר לשירות המדינה;
ד. בחינת רמת התקינה של משרותיהם של הרגולטורים המרכזיים על ידי נציבות
שירות המדינה, כך שרמת התקינה תשקף את רמת המומחיות הנדרשת
מהרגולטורים;
ה. קציבת כהונתם, גם של רגולטורים שאינם ממונים ישירות ע""י הממשלה לתקופה
של 6 שנים, באופן שיאפשר שינויי תפיסה וריענון השורות בכל תפקיד ויצירת
אופק שירות. ראוי לבחון אופן החלת האמור בצורה מושכלת גם ביחס למי
שמכהנים היום בתפקיד;
ו. חיזוק עצמאותן של סוכנויות רגולציה, באופן שיביא לקבלת החלטות על בסיס
מקצועי על ידי גורמים בעלי ידע ומומחיות נדרשים, תוך איזון שמאפשר לממשלה
ולשר האחראי להתערב, בשקיפות ציבורית, בהחלטות רוחביות שהן בעיקרן
בעלות אופי מדיניותי ושאינן נוגעות למפוקח ספציפי או מקרה ספציפי;",תוספת תקציבית שלא הוגדרה,0,0,"מנכ""ל משרד האוצר, משרד המשפטים",
118,"דו""ח ועדת טרכטנברג",יוקר המחייה,,רגולציה,חיזוק מעמדו של הצרכן,הצרכן הישראלי יהיה שותף פעיל יותר בקבלת החלטות,"חיזוק מעמדו של הצרכן כגורם מעורב ומשפיע בקבלת החלטות באמצעות יצירת
פלטפורמה מתאימה במסגרת הרשות לסחר הוגן וחיזוק מעמדה כגורם אחראי
להגנה על הצרכן וסחר הוגן בישראל. על הפלטפורמה לאפשר לצרכנים לפגוש את
הרגולטורים השונים ולסייע בידם לעשות את מלאכתם, למשל על ידי מתן אפשרות
פשוטה לצרכנים להעביר אינפורמציה, דעות, עובדות, ותגובות ישירות לגופי הפיקוח
והרגולציה השונים. בנוסף, יש לפעול לכך שפעולות המדינה יוצגו לציבור באופן
שקוף שמעודד בקרה ודיון ציבורי. במקביל, הועדה ממליצה להגדיל את המשאבים
המופנים למועצה הישראלית לצרכנות, כך שתוכל להרחיב את פעילותה הן בהיבטי
הסברה והן בהיבטי הטיפול בתלונות צרכנים;","תוספת תקציבית שלא הוגדרה בדו""ח",0,0,"מנכ""ל משרד האוצר, משרד המשפטים",
119,"דו""ח ועדת טרכטנברג",יוקר המחייה,,רגולציה,בחינת ייעול הרגולציה הממשלתית,מניעת כפילויות במנגנוני הרגולציה בממשלה,ללא פירוט,לא הוגדר תקציב,0,0,"מנכ""ל משרד האוצר",משרד המשפטים
120,"דו""ח ועדת טרכטנברג",יוקר המחייה,,רגולציה,הקמת חטיבת תחרותיות ברשות ההגבלים העסקיים,מידע מכוון למשרדי הממשלה בתחום התחרותיות בשווקים,"הועדה ממליצה לתקן את חוק ההגבלים העסקיים כך שתוקם
חטיבת תחרותיות ברשות ההגבלים העסקיים שתפקידה יהא לעקוב באופן שוטף
אחר מגמות בתחרות בשווקים נבחרים במשק ולנתחן. חטיבת התחרותיות תפעל
באופן פרואקטיבי על מנת לבחון ולאבחן קשיים וכשלים בתחרות בשווקים מרכזיים
במשק, זאת כאמצעי מקביך ומשלים לכלים הקיימים כבר כיום בחוק. מקרים בהם
נתגלו כשלי תחרות יופנו באופן שוטף, למשרד הרלוונטי ולמשרד האוצר על מנת
שאלו ינקטו צעדים לתיקון המצב. משרד האוצר יפעל להקצאת תוספת המשאבים
והתקנים הנדרשים, בהתאם למבנה שתגבש רשות ההגבלים העסקיים בהקדם האפשרי. בנוסף תובטח יכולה של חטיבת התחרותיות לקבל נתונים הנדרשים
לביצוע תפקידה מרשויות מדינה שונות בצורה שוטפת וקבועה, לרבות באמצעות
שימוש במידע הקיים ברשויות המס והמכס, במגבלות השימוש המתאימות.",לא נקבע תקציב,0,0,משרד האוצר ,
121,"דו""ח ועדת טרכטנברג",יוקר המחייה,,רגולציה,הרחבת סמכויות הרשות להגבלים עסקיים,שיפור הפיקוח בדיעבד על מונופולים,"הועדה ממליצה לממשלה לגבש תיקון חקיקה בדבר הגבלות נוספות על פעילותם של לוביסטים, מסחריים ואחרים, בכנסת, ולפעול להגבלת פעילותם גם בממשלה. ",לא הוגדר תקציב,0,0,"מנכ""ל משרד האוצר",
122,"דו""ח ועדת טרכטנברג",יוקר המחייה,,רגולציה,מנגנון הפיקוח על המחירים והשירותים,שיפור אופן הפיקוח על מוצרים ושירותים שונים במשק,"לקבוע ולהצהיר כי פיקוח על מחירים אינו אלא פתרון זמני, חלקי ולא יעיל להפגת
פגיעתם של כשלים תחרותיים ולפיכך יש לפעול על מנת לצמצם את השימוש בו ככל הניתן ולהפעילו רק כשאין אפשרות לפעול להגברת התחרות בטווח קצר;
ב. להקצות משאבים ייעודיים לתמיכה מקצועית ככל שזו נדרשת לעבודת הפיקוח הן על ידי הכשרות והשתלמויות והן על ידי תקצוב של ספקים חיצוניים;
ג. לחדד את ההנחיות למפקחים על המוצרים בכלל משרדי הממשלה באשר לחובתם לבחון באופן תדיר וקבוע את השוק עליו הם אמונים, ובכלל זה את רמות המחיר של המוצרים שהיו בפיקוח או שהינם ברי פיקוח על פי הוראות החוק;
ד. להנחות את הלשכה המרכזית לסטטיסטיקה לפרסם באופן סדיר נתונים על השינויים במחירים במקטעים שונים של שרשרת הייצור/יבוא והשיווק במוצרים נבחרים במשק, בפרט בענפים ריכוזיים, ולהקצות לשם כך את המשאבים הנדרשים. הגדרת המוצרים תעשה בהתייעצות עם רשות ההגבלים העסקיים ובהמלצתה של המועצה הציבורית לסטטיסטיקה;
ה. לעדכן, באמצעות צוות מומחים ייעודי, את דו""ח סוארי המשמש לפיקוח על
רווחיות כוללת של חברות הנתונות לפיקוח מחירים. הדו""ח לא עודכן משנת
1996 וקיים לכאורה חשש ששיעורי התשואה הנקובים בו עולים במידה ניכרת על הראוי כיום. שיטת הפיקוח האמורה נקבעה בתקופה בה סביבת הריבית הייתה
גבוהה יחסית. היום, בסביבת הריבית הנוכחית נראות תקרות שיעורי רווח על הון פעיל של 12%-16.8% , עבור חברות הפועלות בתנאי שוק לא תחרותיים או
מונופוליסטים, גבוהות למדי. בנוסף, מוצע לעדכן בהקדם את שיטת הפיקוח התאמת דוחות). קיים חשש ,IFRS) כולה לאור שינוי כללי התקינה החשבונאית שאימוץ תקן חשבונאי כזה או אחר עשוי להביא לעלייה בהון הפעיל של חברות מפוקחות בספרים, אשר עשוי לגרור הכרה ברווח גבוה יותר לחברות מפוקחות. יתרה מזו, לכאורה, מנגנון הפיקוח הקיים מאפשר לחברות המפוקחות להגדיל את השקעותיהן בהון, כפי שעשתה חברת נשר בהקמת תחנה עצמית לייצור חשמל, אשר מפחיתה מחד את עלויות הייצור השוטפות ומקנה, מאידך, תשואה גבוהה ומובטחת על ההון המושקע – המשולמת באמצעות מחירי המלט המפוקחים;",לא הוגדרה עלות כספית,0,0,"מנכ""ל משרד האוצר",
123,"דו""ח ועדת טרכטנברג",יוקר המחייה,,רגולציה,פרסום דוחות של מונופולים מוכרזים,שקיפות בפעילותן של חברות מונופוליסטיות,"לחייב מונופולים מוכרזים שעיקר פעילותם בישראל, בפרסום דוחות כספיים
במתכונת הנוהגת על ידי חברות ציבוריות, הן בחתכי מוצרים והן בכלל, בהתאם
לכללים שייקבעו ובשים לב לפגיעה אפשרית בפעילותם בשווקים בחו""ל;",לא הוגדרה עלות כספית,0,0,"מנכ""ל משרד האוצר", משרד המשפטים
124,"דו""ח ועדת טרכטנברג",יוקר המחייה,,רגולציה,מנגנון תלת שלבי לבחינת הכנסת מוצרים לפיקוח,חיזוק מנגנוני הפיקוח על המחירים,"להמליץ לועדות המחירים לאמץ מנגנון תלת שלבי במסגרתו מוצרים שמחירם
או השינוי בו יצדיקו בחינה קפדנית, יוכנסו לדיווח לפי פרק ו' לחוק הפיקוח על
מחירי מצרכים ושירותים, לאחר מכן, אם יעלה צורך, תחויב החברה בפירסום
דוחות כספיים לציבור במתכונת האמורה בס' (ו') לעיל, ולבסוף יוטל פיקוח ישיר על המחיר, תוך חשיפת המהלך לציבור;",,0,0,"מנכ""ל משרד האוצר ",משרד המשפטים
126,"דו""ח ועדת טרכטנברג",יוקר המחייה,,תקינה,אימוץ מסלול האישור האירופאי,השלמת חשיפת המשק הישראלי לייבוא,"מוצע לאמץ את המדיניות האירופאית ולהרחיב את מתן האישורים על בסיס הצהרת היבואן, וזאת לצד התאמות בדין הישראלי שיאפשרו הגברת הפיקוח הפרטי והציבורי על אותן הצהרות יבואן. לבסוף, יש לפעול על מנת ליצור איזון טוב יותר בין נציגי הצרכנים, היבואנים והתעשייה המקומית בוועדות התקינה.",לא הוגדרה עלות כספית,0,0,"משרד התמ""ת",משרד האוצר
127,"דו""ח ועדת טרכטנברג",יוקר המחייה,,תקינה,רפורמה במכון התקנים,תכנית עבודה מפורטת ליישום הרפורמה במכון התקנים,גיבוש רפורמה מקיפה במוסדות המכון לרבות בחינת עדכון הליכי התקינה והרכבי ועדות התקינה,לא הוגדרה עלות כספית,0,0,"מנכ""ל משרד התמ""ת",
128,"דו""ח ועדת טרכטנברג",יוקר המחייה,,תקינה,תקינה במשרדי הממשלה,המלצות למדיניות כלל ממשלתית בתחום התקינה,הקמת ועדה להסרת חסמי ייבוא באמצעות השוואת תקינה בתחומים השונים ביחס לעולם,לא הוגדרה עלות כספית,0,0,"מנכ""ל משרד המשפטים",
129,"דו""ח ועדת טרכטנברג",יוקר המחייה,,היטלים,"הגבלת השימוש בהיטלי סחר בתעשיות ריכוזיות, יצואניות או מונופוליסטיות",השלמת חשיפת המשק הישראלי לייבוא,"מוצע צמצום משמעותי של השימוש בהיטלי סחר להגנה על תעשיה מקומית מונופוליסטית או ריכוזית. זאת מעבר לפרמטרים הקבועים היום בחוק, שיהוו תנאי סף
לפתיחת חקירה, ופרמטרים לבחינה בחקירה עצמה. בפרט, מוצע לתקן את חוק היטלי סחר
באופן שיאפשר הטלת היטל היצף בלבד, וכן שבהתקיים אחד או יותר משלושת התנאים
הבאים לא יוטל היטל: ישנם פחות משלושה יצרנים מקומיים של המוצר הרלוונטי; בשוק
מתקיימת תחרות מועטה; החברה המתלוננת מייצאת לחו""ל שיעור לא זניח מתוצרתה. כמו כן, מוצע לאסור קביעת היטל היצף מעבר לתקופה מצטברת (כ 5- שנים), שתיקבע בחקיקה.",לא הוגדרה עלות כספית,0,0,לא נקבע גורם ראשי,
130,"דו""ח ועדת טרכטנברג",יוקר המחייה,,תחרות בשווקים,ענף המזון,הפחתת המחירים בסל מוצרי המזון הבסיסיים תחת פיקוח,"בטווח קצר הועדה ממליצה לבחון הפחתה במחירם של מוצרי מזון תחת פיקוח כגון ביצים וחלב, באמצעות הפחתה במרווח השיווק במוצרים אלו, על מנת להביא לשינוי בטווח הזמן המיידי במחירי מוצרי המזון.",לא הוגדרה עלות כספית,0,0,"משרד התמ""ת",
131,"דו""ח ועדת טרכטנברג",יוקר המחייה,,תחרות בשווקים,ענף נמלי הים,נמלים בבעלות פרטית ובתחרות אפקטיבית,"מומלץ לקבוע בצורה ברורה יעד לקיומה של תחרות תוך-נמלית
ואפקטיבית, במרחבי הנמלים בישראל. במקביל, ועל מנת לקדם את התהליך התכנוני, מוצע להטיל על מנכ""ל משרד רוה""מ לפעול להסרת חסמים בהליכי התכנון הסטטוטורי של מסופי
הנמל העתידיים תוך איזון הדרישות הסביבתיות וקביעה כי עד סוף 2012 יושלמו הליכי
התכנון.",לא הוגדרה עלות כספית,0,0,"מנכ""ל משרד ראש הממשלה",
132,"דו""ח ועדת טרכטנברג",יוקר המחייה,,תחרות בשווקים,ענף המים,"הורדת מחיר המים שמשמעו חיסכון של כ-45 מיליון ש""ח בשנה","הועדה ממליצה למועצת רשות המים להביא להפחתה
נקודתית בתעריף המים למשקי הבית באמצעות ביצוע שינוי מתווה התכנסות נורמות גבייה
ופחת לצורך הקטנה נוספת של רווחי התאגידים החזקים וצמצום ההפסדים של החלשים
בשנת 2012 .",לא הוגדרה עלות כספית,0,0,מועצת רשות המים,
133,"דו""ח ועדת טרכטנברג",יוקר המחייה,,תחרות בשווקים,ענף המזון,המלצות לקידום תחרות,"לאור מורכבות
הנושא ומידת המעורבות הממשלתית הרבה שבו, וכן לאור מסגרת הזמן המוגבלת שהועמדה
לעבודת הועדה, מומלץ להעביר את ממצאי הניתוח המפורט שנערך כאן אל הועדה לבחינת
שוק המזון ומוצרי הצריכה בראשותו של המנהל הכללי של משרד התמ""ת, מר שרון קדמי,
בהמלצה לפעול לחשיפת הענף ליבוא מתחרה תוך הפחתת הריכוזיות הקיימת במקטע
הייצור/יבוא",,0,0,"ועדה בראשות מנכ""ל משרד התמ""ת",
134,"דו""ח ועדת טרכטנברג",יוקר המחייה,,תחרות בשווקים,ענף גז הבישול,"הורדת מחיר הגפ""מ שמשמעו חיסכון של כ-150 מיליון ש""ח בשנה","בטווח הקצר מוצע 
6 הגב' מיכל עבאדי-בויאנג'ו לא נטלה חלק בדיון בנושא זה.
7 הגב' מיכל עבאדי-בויאנג'ו לא נטלה חלק בדיון בנושא זה.182
 דוח הו ועדה לשי נ ו י  כלכלי  חברתי להטיל פיקוח על מחיר הגפ""מ בשער בית הזיקוק ולצרכן, שיביא להפחתת מחירו.",לא הוגדרה עלות כספית,0,0,משרד התשתיות,משרד האוצר
135,"דו""ח ועדת טרכטנברג",יוקר המחייה,,תחרות בשווקים,ענף תחנות התדלוק,עידוד תחרות בשוק תחנות הדלק,"מומלץ לתת עדיפות בהליכי תכנון לעצמאיים. 
מומלץ להנחות את המינהל ומוסדות התכנון לתכנן קרקעות ל-40 תחנות תדלוק חדשות 
לעצמאים בתוך שנתיים ואת המינהל לשווקן בסיום התכנון.",,0,0,משרד התשתיות,
136,"דו""ח ועדת טרכטנברג",יוקר המחייה,,תחרות בשווקים,ענף הרכב,המלצות לקידום תחרות,"מוצע להקים 
וועדה ציבורית בין-משרדית שתגבש אמצעי פעולה אופרטיביים ומשלימים להגברת התחרות  בענף הרכב. כיווני הפעולה המומלצים הם: הפחתת משקלן של חברות הליסינג בענף בכלל 
8  הגב' מיכל עבאדי-בויאנג'ו לא נטלה חלק בדיון בנושא זה.183
  עיקרי ההמלצות - יוקר המחיה והתחרותיות וברכבים המשפחתיים בפרט;",לא הוגדרה עלות כספית,0,0,הקמת ועדה ציבורית בין משרדית,
137,"דו""ח ועדת טרכטנברג",יוקר המחייה,,תחרות בשווקים,ענף הסולר לתחבורה,"הורדת מחיר הסולר שמשמעו חיסכון של כ-400 מיליון ש""ח בשנה","יש להחיל פיקוח מיידי על מחירי סולר לתחבורה, בשער בתי הזיקוק ובתחנות התדלוק, בדומה למנגנון הפיקוח בשוק הבנזין.",לא הוגדרה עלות כספית,0,0,משרד התשתיות,
138,"דו""ח ועדת טרכטנברג",יוקר המחייה,,תחרות בשווקים,ענף הבנקאות הקמעונאית,פישוט המוצר הבנקאי והקמת Credit Buearu,"לצורך כך מוצע להקים ועדה שתציע פתרונות
,Credit Bureaus לפישוט המוצר הבנקאי, להעצמת כוח המיקוח של הלקוחות ולהקמת
במגזר משקי הבית והעסקים הקטנים. הועדה תכלול נציגי הפיקוח על הבנקים מבנק ישראל, משרד המשפטים, משרד האוצר ורשות ההגבלים העסקיים, ותגיש את המלצותיה לנגיד בנק
ישראל ושר האוצר בתוך 120 יום ממועד הקמתה.",לא הוגדרה עלות כספית,0,0,"הקמת ועדה של בנק ישראל, משרד האוצר, רשות להגבלים עסקיים",
139,"דו""ח ועדת טרכטנברג",יוקר המחייה,,תחרות בשווקים,ענף המלט,הגדלת ייבוא המלט לישראל והורדת המחיר באופן ניכר,"יש לעדכן
את דו""ח סוארי לבדיקת רווחיות של חברות במסגרת פיקוח מחירים. שנית, הוועדה ממליצה
להורות לרשות הספנות והנמלים בשיתוף אגף התקציבים במשרד האוצר וחברת נמלי ישראל
לפעול להגדרת רציף המלט בנמל אשדוד כרציף מסחרי, כולל בחינת המשמעות התפעולית
של מהלך כזה ותרומתו להגברת ייבוא המלט לישראל. הצוות יגיש את המלצתו תוך 60 יום
לשרי התחבורה והאוצר.",לא הוגדרה עלות כספית,0,0,משרד האוצר,
140,"דו""ח ועדת טרכטנברג",יוקר המחייה,,,תחרות בשווקים,הפחתת הנטל על החוסכים,ענף החסכון הפנסיוני,,0,0,,
141,"דו""ח ועדת טרכטנברג",יוקר המחייה,,תחרות בשווקים,ייבוא דרך האינטרנט,עדכון סעיף הפטור ממכס,"להטיל על רשות המיסים להציג לממשלה בתוך 90 יום, תוכנית פעולה מפורטת על מנת שלכל
אזרח ישראלי יתאפשר לייבא – ביבוא אישי – כל פריט או מוצר בשווי של עד 300$ בפטור מלא
ממכס וללא צורך למלא טפסים או לפגוש את פקידי המכס או המע""מ.",לא הוגדרה עלות כספית,0,0,רשות המיסים,
142,"דו""ח ועדת טרכטנברג",יוקר המחייה,,תחרות בשווקים,ענף התחבורה הציבורית,תכנית מפורטת להוצאת כלל קווי השירות למכרז בתנאי תחרות,"הועדה ממליצה להשלים את
פתיחת כלל שוק התחבורה הציבורית לתחרות. לצורך כך , יש לחייב את המדינה להקצאת
רישיונות להפעלת אשכולות קווי שירות רק בהליך תחרותי. יש לקבוע שכלל מפעילי התחבורה
הציבורית יצטרכו לפעול בתנאי מחירים ורמת שירות תחרותיים בהקדם האפשרי ולא יאוחר
מ 2015- . לצורך היישום מוצע להנחות את משרדי התחבורה והאוצר להכין תוך 90 יום תוכנית מפורטת להוצאת כלל קווי השירות למכרז בתנאי תחרות",לא הוגדה עלות כספית,0,0,משרד התחבורה ,משרד האוצר
143,"דו""ח ועדת טרכטנברג",יוקר המחייה,,גילאי 3-9,דיגיטציה של ספרי לימוד,"תכני לימוד דיגיטליים אשר יהוו
תחליף לשימוש בספרי לימוד","דיגיטציה של ספרי לימוד קיימים
וחיוב מהדורה דיגיטלית של ספרי
לימוד חדשים",חלק מתוכנית החומש להפחתת תשלומי הורים,2000,5,משרד החינוך,
144,"דו""ח ועדת טרכטנברג",יוקר המחייה,,חינוך,מיקור חוץ במשרד החינוך,המלצות,"בחינת מדיניות לאופן 'מיקור
החוץ'",אין,0,0,"משרד רה""מ + אג""ת","צוות בראשות מנכ""ל משרד רה""מ והממונה על התקציבים"
145,"דו""ח ועדת טרכטנברג",שירותים חברתיים,,סיעוד,רפורמה בשירותים סיעודיים,לא נקבע מדד תוצאה,"מומלץ לתכלל את הכלים הממשלתיים באמצעות שיפור הקשר ושיתוף הפעולה בין הגופים הממשלתיים השונים. במסגרת זו ייבחן מתן מענה במסגרות קהילתיות
לקשישים סיעודיים באמצעות תגבור מערך הקהילות התומכות ומרכזי היום לקשישים והגדלת הזמינות שלהם לאוכלוסייה. בנוסף, בהמשך לתוכנית שהפעיל משרד הבריאות יחד עם קופות החולים בשנים
2010-2008 מוצע להמשיך לשפר את הקשר, והתאום בין הגופים ולצרף גם את המוסד לביטוח לאומי על מנת לשפר את הטיפול שניתן לקשיש בקהילה, תוך הפנמת העלות הכוללת של הטיפול באוכלוסייה זו. יש להסתמך על כח עובדים ישראלי. ","מוצע להקצות למימוש המלצות אלה סכום של כ- 1.7 מליארדי ₪ על פני החומש הקרוב. התקצוב 150 מליון ש""ח) ובעליה הדרגתית עד ל- 600 מלש""ח בשנת 2016 (מתוכם 300 ) ייפרס החל משנת 2013
מלש""ח בבסיס התקציב בהבשלה מלאה).",1700,5,משרד התחבורה והאוצר,ביטוח לאומי
146,"דו""ח ועדת טרכטנברג",סיעוד,,,morchickit01,תכנית מפורטת להוצאת כלל קווי השירות למכרז בתנאי תחרות,"בכדי לסייע לקשיש ולבני משפחתו, מומלץ לתכלל את הכלים הממשלתיים באמצעות שיפור הקשר
ושיתוף הפעולה בין הגופים הממשלתיים השונים. במסגרת זו ייבחן מתן מענה במסגרות קהילתיות
לקשישים סיעודיים באמצעות תגבור מערך הקהילות התומכות ומרכזי היום לקשישים והגדלת הזמינות
שלהם לאוכלוסייה. בנוסף, בהמשך לתוכנית שהפעיל משרד הבריאות יחד עם קופות החולים בשנים
2010-2008 מוצע להמשיך לשפר את הקשר, והתאום בין הגופים ולצרף גם את המוסד לביטוח לאומי
וזאת על מנת לשפר את הטיפול שניתן לקשיש בקהילה, תוך הפנמת העלות הכוללת של הטיפול באוכלוסייה זו.",,0,0,משרד התחבורה והאוצר,
147,"דו""ח ועדת טרכטנברג",סיעוד,,,morchickit02,תכנית מפורטת להוצאת כלל קווי השירות למכרז בתנאי תחרות,"בכדי לסייע לקשיש ולבני משפחתו, מומלץ לתכלל את הכלים הממשלתיים באמצעות שיפור הקשר
ושיתוף הפעולה בין הגופים הממשלתיים השונים. במסגרת זו ייבחן מתן מענה במסגרות קהילתיות
לקשישים סיעודיים באמצעות תגבור מערך הקהילות התומכות ומרכזי היום לקשישים והגדלת הזמינות
שלהם לאוכלוסייה. בנוסף, בהמשך לתוכנית שהפעיל משרד הבריאות יחד עם קופות החולים בשנים
2010-2008 מוצע להמשיך לשפר את הקשר, והתאום בין הגופים ולצרף גם את המוסד לביטוח לאומי
וזאת על מנת לשפר את הטיפול שניתן לקשיש בקהילה, תוך הפנמת העלות הכוללת של הטיפול באוכלוסייה זו.",,0,0,משרד התחבורה והאוצר,
148,"דו""ח ועדת טרכטנברג",סיעוד,,,morchickit03,תכנית מפורטת להוצאת כלל קווי השירות למכרז בתנאי תחרות,"בכדי לסייע לקשיש ולבני משפחתו, מומלץ לתכלל את הכלים הממשלתיים באמצעות שיפור הקשר
ושיתוף הפעולה בין הגופים הממשלתיים השונים. במסגרת זו ייבחן מתן מענה במסגרות קהילתיות
לקשישים סיעודיים באמצעות תגבור מערך הקהילות התומכות ומרכזי היום לקשישים והגדלת הזמינות
שלהם לאוכלוסייה. בנוסף, בהמשך לתוכנית שהפעיל משרד הבריאות יחד עם קופות החולים בשנים
2010-2008 מוצע להמשיך לשפר את הקשר, והתאום בין הגופים ולצרף גם את המוסד לביטוח לאומי
וזאת על מנת לשפר את הטיפול שניתן לקשיש בקהילה, תוך הפנמת העלות הכוללת של הטיפול באוכלוסייה זו.",,0,0,משרד התחבורה והאוצר,
149,"דו""ח ועדת טרכטנברג",סיעוד,,,morchickit04,תכנית מפורטת להוצאת כלל קווי השירות למכרז בתנאי תחרות,"בכדי לסייע לקשיש ולבני משפחתו, מומלץ לתכלל את הכלים הממשלתיים באמצעות שיפור הקשר
ושיתוף הפעולה בין הגופים הממשלתיים השונים. במסגרת זו ייבחן מתן מענה במסגרות קהילתיות
לקשישים סיעודיים באמצעות תגבור מערך הקהילות התומכות ומרכזי היום לקשישים והגדלת הזמינות
שלהם לאוכלוסייה. בנוסף, בהמשך לתוכנית שהפעיל משרד הבריאות יחד עם קופות החולים בשנים
2010-2008 מוצע להמשיך לשפר את הקשר, והתאום בין הגופים ולצרף גם את המוסד לביטוח לאומי
וזאת על מנת לשפר את הטיפול שניתן לקשיש בקהילה, תוך הפנמת העלות הכוללת של הטיפול באוכלוסייה זו.",,0,0,משרד התחבורה והאוצר,
150,"דו""ח ועדת טרכטנברג",סיעוד,,,morchickit05,תכנית מפורטת להוצאת כלל קווי השירות למכרז בתנאי תחרות,"בכדי לסייע לקשיש ולבני משפחתו, מומלץ לתכלל את הכלים הממשלתיים באמצעות שיפור הקשר
ושיתוף הפעולה בין הגופים הממשלתיים השונים. במסגרת זו ייבחן מתן מענה במסגרות קהילתיות
לקשישים סיעודיים באמצעות תגבור מערך הקהילות התומכות ומרכזי היום לקשישים והגדלת הזמינות
שלהם לאוכלוסייה. בנוסף, בהמשך לתוכנית שהפעיל משרד הבריאות יחד עם קופות החולים בשנים
2010-2008 מוצע להמשיך לשפר את הקשר, והתאום בין הגופים ולצרף גם את המוסד לביטוח לאומי
וזאת על מנת לשפר את הטיפול שניתן לקשיש בקהילה, תוך הפנמת העלות הכוללת של הטיפול באוכלוסייה זו.",,0,0,משרד התחבורה והאוצר,
